time,et
2016-01-01,1.637
2016-01-02,1.169
2016-01-03,1.169
2016-01-04,0.701
2016-01-05,0.935
2016-01-06,0.818
2016-01-07,0.701
2016-01-08,0.701
2016-01-09,0.701
2016-01-10,1.052
2016-01-11,1.052
2016-01-12,1.286
2016-01-13,1.403
2016-01-14,0.351
2016-01-15,0.818
2016-01-16,1.286
2016-01-17,1.286
2016-01-18,1.403
2016-01-19,1.637
2016-01-20,0.935
2016-01-21,1.169
2016-01-22,0.701
2016-01-23,1.637
2016-01-24,0.935
2016-01-25,1.286
2016-01-26,1.169
2016-01-27,1.286
2016-01-28,0.921
2016-01-29,1.021
2016-01-30,1.228
2016-01-31,2.637
2016-02-01,3.192
2016-02-02,2.295
2016-02-03,2.019
2016-02-04,2.569
2016-02-05,1.607
2016-02-06,1.918
2016-02-07,3.435
2016-02-08,2.829
2016-02-09,1.496
2016-02-10,1.887
2016-02-11,1.44
2016-02-12,1.412
2016-02-13,1.903
2016-02-14,2.883
2016-02-15,2.27
2016-02-16,1.96
2016-02-17,1.167
2016-02-18,2.703
2016-02-19,1.725
2016-02-20,1.902
2016-02-21,1.888
2016-02-22,1.967
2016-02-23,1.58
2016-02-24,1.384
2016-02-25,1.464
2016-02-26,1.271
2016-02-27,1.261
2016-02-28,1.341
2016-02-29,1.507
2016-03-01,2.407
2016-03-02,2.223
2016-03-03,1.306
2016-03-04,1.7
2016-03-05,1.285
2016-03-06,1.831
2016-03-07,1.5
2016-03-08,1.252
2016-03-09,1.241
2016-03-10,0.846
2016-03-11,0.915
2016-03-12,1.36
2016-03-13,1.348
2016-03-14,1.781
2016-03-15,1.691
2016-03-16,2.564
2016-03-17,2.555
2016-03-18,2.255
2016-03-19,2.392
2016-03-20,1.372
2016-03-21,1.295
2016-03-22,1.865
2016-03-23,2.358
2016-03-24,2.046
2016-03-25,2.786
2016-03-26,2.887
2016-03-27,2.171
2016-03-28,2.209
2016-03-29,2.575
2016-03-30,2.344
2016-03-31,2.119
2016-04-01,2.364
2016-04-02,2.483
2016-04-03,2.712
2016-04-04,2.572
2016-04-05,3.455
2016-04-06,3.345
2016-04-07,2.439
2016-04-08,1.997
2016-04-09,1.087
2016-04-10,1.095
2016-04-11,1.236
2016-04-12,1.539
2016-04-13,1.855
2016-04-14,1.574
2016-04-15,2.159
2016-04-16,2.388
2016-04-17,2.039
2016-04-18,2.287
2016-04-19,2.542
2016-04-20,2.965
2016-04-21,2.849
2016-04-22,1.953
2016-04-23,2.408
2016-04-24,2.973
2016-04-25,4.005
2016-04-26,3.284
2016-04-27,2.465
2016-04-28,4.05
2016-04-29,3.588
2016-04-30,6.07
2016-05-01,4.945
2016-05-02,4.561
2016-05-03,3.64
2016-05-04,3.339
2016-05-05,2.322
2016-05-06,2.146
2016-05-07,1.018
2016-05-08,2.266
2016-05-09,2.458
2016-05-10,3.113
2016-05-11,3.22
2016-05-12,3.432
2016-05-13,3.385
2016-05-14,3.012
2016-05-15,3.007
2016-05-16,4.001
2016-05-17,4.687
2016-05-18,4.704
2016-05-19,3.554
2016-05-20,2.603
2016-05-21,2.822
2016-05-22,2.925
2016-05-23,2.906
2016-05-24,3.325
2016-05-25,3.181
2016-05-26,3.871
2016-05-27,4.211
2016-05-28,4.543
2016-05-29,3.992
2016-05-30,4.132
2016-05-31,4.267
2016-06-01,4.402
2016-06-02,3.762
2016-06-03,4.124
2016-06-04,3.328
2016-06-05,3.4
2016-06-06,4.198
2016-06-07,3.924
2016-06-08,3.874
2016-06-09,3.716
2016-06-10,3.508
2016-06-11,4.039
2016-06-12,3.53
2016-06-13,3.486
2016-06-14,2.737
2016-06-15,1.908
2016-06-16,2.329
2016-06-17,1.411
2016-06-18,1.992
2016-06-19,2.322
2016-06-20,2.093
2016-06-21,2.51
2016-06-22,3.371
2016-06-23,3.384
2016-06-24,3.071
2016-06-25,3.756
2016-06-26,3.264
2016-06-27,3.333
2016-06-28,3.375
2016-06-29,3.559
2016-06-30,3.064
2016-07-01,3.248
2016-07-02,3.457
2016-07-03,3.259
2016-07-04,3.153
2016-07-05,2.964
2016-07-06,2.857
2016-07-07,3.008
2016-07-08,2.891
2016-07-09,3.182
2016-07-10,2.729
2016-07-11,3.504
2016-07-12,3.181
2016-07-13,3.043
2016-07-14,2.92
2016-07-15,2.75
2016-07-16,3.361
2016-07-17,3.48
2016-07-18,3.452
2016-07-19,3.423
2016-07-20,3.301
2016-07-21,3.648
2016-07-22,3.026
2016-07-23,4.386
2016-07-24,3.538
2016-07-25,3.989
2016-07-26,3.343
2016-07-27,3.531
2016-07-28,3.279
2016-07-29,3.751
2016-07-30,4.679
2016-07-31,4.418
2016-08-01,3.823
2016-08-02,3.581
2016-08-03,3.499
2016-08-04,3.573
2016-08-05,3.133
2016-08-06,3.208
2016-08-07,3.195
2016-08-08,3.131
2016-08-09,3.067
2016-08-10,2.754
2016-08-11,2.792
2016-08-12,3.524
2016-08-13,3.262
2016-08-14,3.74
2016-08-15,3.53
2016-08-16,3.314
2016-08-17,3.347
2016-08-18,3.637
2016-08-19,3.621
2016-08-20,3.604
2016-08-21,3.533
2016-08-22,3.194
2016-08-23,3.306
2016-08-24,3.104
2016-08-25,3.008
2016-08-26,3.114
2016-08-27,2.87
2016-08-28,3.07
2016-08-29,2.879
2016-08-30,3.117
2016-08-31,2.983
2016-09-01,2.712
2016-09-02,2.394
2016-09-03,2.454
2016-09-04,1.964
2016-09-05,2.567
2016-09-06,2.087
2016-09-07,2.495
2016-09-08,2.282
2016-09-09,2.28
2016-09-10,2.418
2016-09-11,2.919
2016-09-12,2.441
2016-09-13,2.197
2016-09-14,2.272
2016-09-15,2.17
2016-09-16,2.662
2016-09-17,2.349
2016-09-18,2.316
2016-09-19,2.936
2016-09-20,3.258
2016-09-21,2.611
2016-09-22,1.695
2016-09-23,1.96
2016-09-24,2.816
2016-09-25,3.54
2016-09-26,2.291
2016-09-27,1.782
2016-09-28,2.328
2016-09-29,2.902
2016-09-30,2.772
2016-10-01,1.909
2016-10-02,1.629
2016-10-03,0.729
2016-10-04,1.341
2016-10-05,1.891
2016-10-06,2.329
2016-10-07,1.956
2016-10-08,1.39
2016-10-09,1.918
2016-10-10,2.306
2016-10-11,1.781
2016-10-12,2.003
2016-10-13,2.423
2016-10-14,0.458
2016-10-15,0.686
2016-10-16,0.79
2016-10-17,1.502
2016-10-18,1.859
2016-10-19,3.017
2016-10-20,1.748
2016-10-21,1.73
2016-10-22,1.783
2016-10-23,2.258
2016-10-24,1.326
2016-10-25,0.345
2016-10-26,1.57
2016-10-27,0.54
2016-10-28,0.467
2016-10-29,0.858
2016-10-30,0.718
2016-10-31,0.903
2016-11-01,0.856
2016-11-02,1.041
2016-11-03,1.046
2016-11-04,0.92
2016-11-05,1.056
2016-11-06,0.928
2016-11-07,0.799
2016-11-08,0.87
2016-11-09,0.941
2016-11-10,0.878
2016-11-11,1.018
2016-11-12,0.955
2016-11-13,0.822
2016-11-14,0.826
2016-11-15,0.691
2016-11-16,0.903
2016-11-17,1.186
2016-11-18,1.261
2016-11-19,0.537
2016-11-20,0.668
2016-11-21,0.722
2016-11-22,0.775
2016-11-23,0.933
2016-11-24,0.883
2016-11-25,1.054
2016-11-26,0.371
2016-11-27,0.883
2016-11-28,0.631
2016-11-29,1.514
2016-11-30,1.009
2016-12-01,2.322
2016-12-02,3.225
2016-12-03,1.935
2016-12-04,1.089
2016-12-05,0.774
2016-12-06,0.903
2016-12-07,0.774
2016-12-08,0.465
2016-12-09,0.6
2016-12-10,0.251
2016-12-11,0.269
2016-12-12,0.306
2016-12-13,0.26
2016-12-14,0.264
2016-12-15,0.161
2016-12-16,0.219
2016-12-17,0.611
2016-12-18,0.791
2016-12-19,0.459
2016-12-20,0.467
2016-12-21,0.77
2016-12-22,0.541
2016-12-23,0.244
2016-12-24,0.248
2016-12-25,0.377
2016-12-26,0.574
2016-12-27,0.453
2016-12-28,0.919
2016-12-29,0.442
2016-12-30,0.485
2016-12-31,0.638
2017-01-01,0.472
2017-01-02,0.65
2017-01-03,0.429
2017-01-04,0.271
2017-01-05,0.257
2017-01-06,0.357
2017-01-07,0.324
2017-01-08,0.529
2017-01-09,0.648
2017-01-10,0.826
2017-01-11,0.8
2017-01-12,0.276
2017-01-13,0.91
2017-01-14,0.625
2017-01-15,0.511
2017-01-16,0.567
2017-01-17,0.34
2017-01-18,0.396
2017-01-19,0.848
2017-01-20,0.734
2017-01-21,0.846
2017-01-22,0.789
2017-01-23,0.619
2017-01-24,0.674
2017-01-25,0.449
2017-01-26,0.729
2017-01-27,1.008
2017-01-28,0.672
2017-01-29,0.783
2017-01-30,0.614
2017-01-31,0.558
2017-02-01,0.506
2017-02-02,0.632
2017-02-03,1.199
2017-02-04,0.946
2017-02-05,0.819
2017-02-06,1.007
2017-02-07,1.131
2017-02-08,0.816
2017-02-09,0.439
2017-02-10,0.939
2017-02-11,1.314
2017-02-12,1.687
2017-02-13,0.874
2017-02-14,1.06
2017-02-15,0.833
2017-02-16,1.71
2017-02-17,0.675
2017-02-18,1.038
2017-02-19,0.78
2017-02-20,1.162
2017-02-21,1.264
2017-02-22,1.065
2017-02-23,1.323
2017-02-24,1.59
2017-02-25,1.056
2017-02-26,1.742
2017-02-27,1.355
2017-02-28,1.555
2017-03-01,2.245
2017-03-02,1.865
2017-03-03,1.838
2017-03-04,1.975
2017-03-05,1.702
2017-03-06,1.677
2017-03-07,1.1
2017-03-08,2.089
2017-03-09,2.132
2017-03-10,1.947
2017-03-11,1.915
2017-03-12,2.39
2017-03-13,2.065
2017-03-14,2.169
2017-03-15,1.856
2017-03-16,1.687
2017-03-17,2.054
2017-03-18,1.756
2017-03-19,1.595
2017-03-20,1.439
2017-03-21,1.84
2017-03-22,1.322
2017-03-23,1.648
2017-03-24,1.037
2017-03-25,1.579
2017-03-26,1.103
2017-03-27,1.51
2017-03-28,2.634
2017-03-29,1.646
2017-03-30,1.908
2017-03-31,2.89
2017-04-01,3.175
2017-04-02,2.57
2017-04-03,2.594
2017-04-04,1.499
2017-04-05,2.166
2017-04-06,1.205
2017-04-07,1.36
2017-04-08,1.467
2017-04-09,1.871
2017-04-10,2.298
2017-04-11,1.5
2017-04-12,1.613
2017-04-13,1.863
2017-04-14,2.469
2017-04-15,2.683
2017-04-16,1.743
2017-04-17,1.642
2017-04-18,2.453
2017-04-19,3.226
2017-04-20,3.083
2017-04-21,4.227
2017-04-22,3.398
2017-04-23,3.324
2017-04-24,2.403
2017-04-25,2.21
2017-04-26,1.889
2017-04-27,3.029
2017-04-28,4.177
2017-04-29,4.323
2017-04-30,3.297
2017-05-01,4.454
2017-05-02,4.446
2017-05-03,3.995
2017-05-04,3.349
2017-05-05,2.838
2017-05-06,2.363
2017-05-07,3.795
2017-05-08,3.417
2017-05-09,4.202
2017-05-10,3.355
2017-05-11,3.34
2017-05-12,3.251
2017-05-13,3.491
2017-05-14,3.237
2017-05-15,3.235
2017-05-16,1.663
2017-05-17,2.842
2017-05-18,3.544
2017-05-19,2.773
2017-05-20,2.635
2017-05-21,2.483
2017-05-22,2.7
2017-05-23,2.801
2017-05-24,2.988
2017-05-25,2.644
2017-05-26,2.501
2017-05-27,2.678
2017-05-28,3.206
2017-05-29,3.253
2017-05-30,2.943
2017-05-31,2.174
2017-06-01,2.56
2017-06-02,2.719
2017-06-03,2.774
2017-06-04,2.735
2017-06-05,2.462
2017-06-06,2.637
2017-06-07,2.527
2017-06-08,0.89
2017-06-09,1.919
2017-06-10,2.465
2017-06-11,2.067
2017-06-12,2.261
2017-06-13,3.028
2017-06-14,3.21
2017-06-15,3.381
2017-06-16,4.043
2017-06-17,4.513
2017-06-18,5.233
2017-06-19,3.733
2017-06-20,3.301
2017-06-21,3.665
2017-06-22,4.622
2017-06-23,3.683
2017-06-24,3.223
2017-06-25,3.522
2017-06-26,3.482
2017-06-27,3.581
2017-06-28,3.841
2017-06-29,3.595
2017-06-30,4.09
2017-07-01,3.947
2017-07-02,3.915
2017-07-03,4.051
2017-07-04,4.296
2017-07-05,4.094
2017-07-06,3.51
2017-07-07,4.132
2017-07-08,4.258
2017-07-09,4.052
2017-07-10,3.849
2017-07-11,3.963
2017-07-12,3.816
2017-07-13,3.823
2017-07-14,3.578
2017-07-15,3.238
2017-07-16,3.938
2017-07-17,4.053
2017-07-18,4.271
2017-07-19,3.771
2017-07-20,3.83
2017-07-21,3.463
2017-07-22,3.516
2017-07-23,3.953
2017-07-24,4.401
2017-07-25,4.013
2017-07-26,3.956
2017-07-27,3.779
2017-07-28,4.127
2017-07-29,4.602
2017-07-30,4.24
2017-07-31,4.481
2017-08-01,4.048
2017-08-02,4.115
2017-08-03,3.89
2017-08-04,3.562
2017-08-05,3.194
2017-08-06,3.306
2017-08-07,3.255
2017-08-08,3.104
2017-08-09,3.05
2017-08-10,3.022
2017-08-11,3.285
2017-08-12,3.906
2017-08-13,3.63
2017-08-14,3.078
2017-08-15,3.034
2017-08-16,3.039
2017-08-17,3.043
2017-08-18,3.075
2017-08-19,3.043
2017-08-20,2.954
2017-08-21,2.721
2017-08-22,2.497
2017-08-23,2.74
2017-08-24,2.744
2017-08-25,2.288
2017-08-26,2.062
2017-08-27,2.856
2017-08-28,2.513
2017-08-29,2.787
2017-08-30,2.828
2017-08-31,2.506
2017-09-01,3.011
2017-09-02,2.796
2017-09-03,2.92
2017-09-04,2.664
2017-09-05,2.455
2017-09-06,2.373
2017-09-07,1.66
2017-09-08,1.747
2017-09-09,1.716
2017-09-10,2.134
2017-09-11,2.259
2017-09-12,2.346
2017-09-13,2.098
2017-09-14,1.651
2017-09-15,1.978
2017-09-16,2.091
2017-09-17,2.446
2017-09-18,2.424
2017-09-19,1.631
2017-09-20,1.574
2017-09-21,1.389
2017-09-22,1.443
2017-09-23,2.0
2017-09-24,1.772
2017-09-25,1.672
2017-09-26,1.852
2017-09-27,1.428
2017-09-28,1.56
2017-09-29,1.692
2017-09-30,1.601
2017-10-01,2.681
2017-10-02,2.567
2017-10-03,2.684
2017-10-04,1.564
2017-10-05,1.726
2017-10-06,1.867
2017-10-07,1.243
2017-10-08,3.117
2017-10-09,2.436
2017-10-10,1.455
2017-10-11,1.575
2017-10-12,1.671
2017-10-13,1.73
2017-10-14,2.501
2017-10-15,1.543
2017-10-16,1.446
2017-10-17,1.865
2017-10-18,1.897
2017-10-19,2.145
2017-10-20,0.988
2017-10-21,1.01
2017-10-22,1.711
2017-10-23,3.008
2017-10-24,1.989
2017-10-25,1.2
2017-10-26,1.715
2017-10-27,1.585
2017-10-28,1.159
2017-10-29,0.874
2017-10-30,1.03
2017-10-31,1.094
2017-11-01,1.139
2017-11-02,1.443
2017-11-03,1.013
2017-11-04,0.598
2017-11-05,1.044
2017-11-06,0.84
2017-11-07,1.056
2017-11-08,1.203
2017-11-09,1.352
2017-11-10,0.787
2017-11-11,0.72
2017-11-12,0.868
2017-11-13,0.873
2017-11-14,0.878
2017-11-15,0.735
2017-11-16,0.296
2017-11-17,0.817
2017-11-18,0.822
2017-11-19,0.676
2017-11-20,0.377
2017-11-21,0.607
2017-11-22,0.67
2017-11-23,0.512
2017-11-24,0.645
2017-11-25,0.773
2017-11-26,0.276
2017-11-27,0.405
2017-11-28,0.529
2017-11-29,1.1
2017-11-30,0.823
2017-12-01,0.57
2017-12-02,0.433
2017-12-03,0.665
2017-12-04,1.831
2017-12-05,1.614
2017-12-06,1.124
2017-12-07,0.822
2017-12-08,0.548
2017-12-09,0.548
2017-12-10,0.603
2017-12-11,0.549
2017-12-12,0.659
2017-12-13,0.549
2017-12-14,0.879
2017-12-15,0.44
2017-12-16,1.924
2017-12-17,1.595
2017-12-18,0.44
2017-12-19,0.66
2017-12-20,0.551
2017-12-21,1.046
2017-12-22,0.441
2017-12-23,0.551
2017-12-24,0.441
2017-12-25,0.441
2017-12-26,0.276
2017-12-27,0.442
2017-12-28,0.386
2017-12-29,0.276
2017-12-30,0.387
2017-12-31,0.276
2018-01-01,0.574
2018-01-02,0.366
2018-01-03,0.523
2018-01-04,0.575
2018-01-05,0.471
2018-01-06,0.314
2018-01-07,0.314
2018-01-08,0.209
2018-01-09,0.314
2018-01-10,0.419
2018-01-11,0.367
2018-01-12,0.629
2018-01-13,0.524
2018-01-14,0.315
2018-01-15,0.367
2018-01-16,0.368
2018-01-17,0.263
2018-01-18,0.21
2018-01-19,0.578
2018-01-20,0.736
2018-01-21,0.526
2018-01-22,0.316
2018-01-23,0.474
2018-01-24,0.369
2018-01-25,0.632
2018-01-26,0.421
2018-01-27,0.738
2018-01-28,0.685
2018-01-29,0.475
2018-01-30,0.58
2018-01-31,0.686
2018-02-01,1.079
2018-02-02,1.619
2018-02-03,2.219
2018-02-04,1.38
2018-02-05,1.501
2018-02-06,2.342
2018-02-07,1.442
2018-02-08,1.142
2018-02-09,1.262
2018-02-10,2.104
2018-02-11,1.383
2018-02-12,1.685
2018-02-13,1.745
2018-02-14,1.385
2018-02-15,1.867
2018-02-16,1.446
2018-02-17,1.326
2018-02-18,1.226
2018-02-19,1.246
2018-02-20,1.077
2018-02-21,1.223
2018-02-22,1.046
2018-02-23,1.727
2018-02-24,1.282
2018-02-25,1.575
2018-02-26,0.892
2018-02-27,2.614
2018-02-28,1.448
2018-03-01,1.043
2018-03-02,1.111
2018-03-03,1.113
2018-03-04,1.182
2018-03-05,1.842
2018-03-06,1.515
2018-03-07,1.648
2018-03-08,1.649
2018-03-09,1.783
2018-03-10,1.322
2018-03-11,1.654
2018-03-12,1.921
2018-03-13,1.127
2018-03-14,1.261
2018-03-15,0.93
2018-03-16,1.463
2018-03-17,1.331
2018-03-18,1.599
2018-03-19,1.8
2018-03-20,1.201
2018-03-21,1.537
2018-03-22,1.672
2018-03-23,2.008
2018-03-24,1.742
2018-03-25,1.677
2018-03-26,2.82
2018-03-27,3.629
2018-03-28,3.565
2018-03-29,3.434
2018-03-30,2.493
2018-03-31,2.496
2018-04-01,2.901
2018-04-02,2.766
2018-04-03,3.114
2018-04-04,2.286
2018-04-05,1.872
2018-04-06,0.833
2018-04-07,2.292
2018-04-08,2.712
2018-04-09,3.062
2018-04-10,2.16
2018-04-11,1.464
2018-04-12,2.233
2018-04-13,3.214
2018-04-14,2.867
2018-04-15,2.342
2018-04-16,1.696
2018-04-17,2.337
2018-04-18,2.3
2018-04-19,2.845
2018-04-20,2.926
2018-04-21,3.066
2018-04-22,3.014
2018-04-23,3.592
2018-04-24,2.953
2018-04-25,3.22
2018-04-26,3.186
2018-04-27,2.802
2018-04-28,2.195
2018-04-29,1.714
2018-04-30,2.599
2018-05-01,3.097
2018-05-02,2.685
2018-05-03,2.919
2018-05-04,2.936
2018-05-05,2.693
2018-05-06,2.916
2018-05-07,2.779
2018-05-08,3.093
2018-05-09,3.003
2018-05-10,2.611
2018-05-11,4.231
2018-05-12,3.486
2018-05-13,2.889
2018-05-14,2.898
2018-05-15,2.959
2018-05-16,2.405
2018-05-17,2.618
2018-05-18,2.986
2018-05-19,3.202
2018-05-20,2.798
2018-05-21,3.014
2018-05-22,3.232
2018-05-23,2.928
2018-05-24,3.2
2018-05-25,1.578
2018-05-26,2.216
2018-05-27,4.023
2018-05-28,4.141
2018-05-29,3.994
2018-05-30,3.632
2018-05-31,3.322
2018-06-01,3.608
2018-06-02,3.795
2018-06-03,3.561
2018-06-04,4.11
2018-06-05,3.514
2018-06-06,3.593
2018-06-07,3.263
2018-06-08,3.646
2018-06-09,3.319
2018-06-10,3.546
2018-06-11,3.869
2018-06-12,3.842
2018-06-13,3.326
2018-06-14,3.594
2018-06-15,3.472
2018-06-16,3.303
2018-06-17,2.804
2018-06-18,2.954
2018-06-19,2.821
2018-06-20,3.649
2018-06-21,2.788
2018-06-22,3.546
2018-06-23,4.806
2018-06-24,3.961
2018-06-25,2.884
2018-06-26,3.447
2018-06-27,3.954
2018-06-28,3.2
2018-06-29,3.864
2018-06-30,5.542
2018-07-01,5.116
2018-07-02,4.112
2018-07-03,3.915
2018-07-04,3.682
2018-07-05,4.126
2018-07-06,2.888
2018-07-07,3.552
2018-07-08,3.975
2018-07-09,3.821
2018-07-10,3.071
2018-07-11,3.024
2018-07-12,3.482
2018-07-13,2.539
2018-07-14,3.396
2018-07-15,3.525
2018-07-16,3.424
2018-07-17,3.22
2018-07-18,3.148
2018-07-19,3.565
2018-07-20,4.006
2018-07-21,4.049
2018-07-22,3.518
2018-07-23,3.282
2018-07-24,3.56
2018-07-25,3.19
2018-07-26,3.055
2018-07-27,3.674
2018-07-28,3.159
2018-07-29,3.5
2018-07-30,3.661
2018-07-31,4.026
2018-08-01,3.969
2018-08-02,3.881
2018-08-03,3.571
2018-08-04,4.047
2018-08-05,3.355
2018-08-06,3.104
2018-08-07,3.144
2018-08-08,3.299
2018-08-09,3.336
2018-08-10,2.952
2018-08-11,2.966
2018-08-12,2.499
2018-08-13,2.734
2018-08-14,2.536
2018-08-15,2.626
2018-08-16,2.757
2018-08-17,2.501
2018-08-18,2.59
2018-08-19,3.046
2018-08-20,2.939
2018-08-21,2.714
2018-08-22,2.692
2018-08-23,2.933
2018-08-24,2.818
2018-08-25,2.555
2018-08-26,3.038
2018-08-27,2.861
2018-08-28,2.673
2018-08-29,2.652
2018-08-30,2.488
2018-08-31,2.284
2018-09-01,2.48
2018-09-02,2.498
2018-09-03,2.554
2018-09-04,2.56
2018-09-05,2.642
2018-09-06,2.406
2018-09-07,2.414
2018-09-08,2.382
2018-09-09,2.225
2018-09-10,1.943
2018-09-11,2.157
2018-09-12,2.206
2018-09-13,2.046
2018-09-14,1.631
2018-09-15,2.347
2018-09-16,1.847
2018-09-17,1.892
2018-09-18,1.812
2018-09-19,1.899
2018-09-20,2.579
2018-09-21,2.16
2018-09-22,2.153
2018-09-23,1.768
2018-09-24,2.098
2018-09-25,2.635
2018-09-26,1.918
2018-09-27,1.538
2018-09-28,2.237
2018-09-29,1.776
2018-09-30,1.521
2018-10-01,1.293
2018-10-02,1.046
2018-10-03,1.161
2018-10-04,0.597
2018-10-05,0.951
2018-10-06,1.854
2018-10-07,2.434
2018-10-08,2.295
2018-10-09,1.452
2018-10-10,1.123
2018-10-11,1.303
2018-10-12,1.711
2018-10-13,1.528
2018-10-14,2.255
2018-10-15,2.028
2018-10-16,1.806
2018-10-17,1.056
2018-10-18,0.775
2018-10-19,0.742
2018-10-20,0.864
2018-10-21,0.893
2018-10-22,1.044
2018-10-23,0.828
2018-10-24,0.52
2018-10-25,0.946
2018-10-26,0.7
2018-10-27,0.881
2018-10-28,0.788
2018-10-29,0.968
2018-10-30,1.569
2018-10-31,1.445
2018-11-01,1.253
2018-11-02,0.884
2018-11-03,1.717
2018-11-04,1.057
2018-11-05,1.483
2018-11-06,1.494
2018-11-07,1.145
2018-11-08,1.91
2018-11-09,0.821
2018-11-10,0.807
2018-11-11,1.976
2018-11-12,0.922
2018-11-13,0.606
2018-11-14,0.741
2018-11-15,0.469
2018-11-16,0.604
2018-11-17,0.576
2018-11-18,0.604
2018-11-19,0.947
2018-11-20,1.185
2018-11-21,0.686
2018-11-22,0.927
2018-11-23,0.444
2018-11-24,0.461
2018-11-25,0.637
2018-11-26,0.658
2018-11-27,0.425
2018-11-28,0.878
2018-11-29,0.362
2018-11-30,0.653
2018-12-01,0.982
2018-12-02,0.707
2018-12-03,0.793
2018-12-04,0.971
2018-12-05,0.762
2018-12-06,1.026
2018-12-07,0.639
2018-12-08,0.715
2018-12-09,0.437
2018-12-10,0.855
2018-12-11,0.669
2018-12-12,1.224
2018-12-13,0.638
2018-12-14,0.933
2018-12-15,0.303
2018-12-16,0.148
2018-12-17,0.576
2018-12-18,0.77
2018-12-19,0.681
2018-12-20,0.397
2018-12-21,0.257
2018-12-22,0.436
2018-12-23,0.543
2018-12-24,0.525
2018-12-25,0.734
2018-12-26,0.545
2018-12-27,1.164
2018-12-28,1.352
2018-12-29,0.687
2018-12-30,0.524
2018-12-31,0.532
2019-01-01,1.474
2019-01-02,0.576
2019-01-03,0.468
2019-01-04,0.534
2019-01-05,0.481
2019-01-06,0.488
2019-01-07,0.557
2019-01-08,0.44
2019-01-09,0.891
2019-01-10,0.516
2019-01-11,0.392
2019-01-12,0.53
2019-01-13,0.604
2019-01-14,0.544
2019-01-15,0.482
2019-01-16,0.767
2019-01-17,1.059
2019-01-18,0.644
2019-01-19,0.724
2019-01-20,1.099
2019-01-21,0.815
2019-01-22,1.575
2019-01-23,0.91
2019-01-24,1.534
2019-01-25,1.319
2019-01-26,1.177
2019-01-27,1.19
2019-01-28,0.862
2019-01-29,0.852
2019-01-30,0.689
2019-01-31,0.983
2019-02-01,1.102
2019-02-02,0.921
2019-02-03,1.157
2019-02-04,0.816
2019-02-05,0.886
2019-02-06,0.794
2019-02-07,0.862
2019-02-08,0.773
2019-02-09,0.991
2019-02-10,0.977
2019-02-11,1.112
2019-02-12,0.95
2019-02-13,0.72
2019-02-14,1.135
2019-02-15,1.258
2019-02-16,1.101
2019-02-17,0.949
2019-02-18,1.734
2019-02-19,1.378
2019-02-20,1.033
2019-02-21,1.739
2019-02-22,1.478
2019-02-23,0.897
2019-02-24,0.895
2019-02-25,0.638
2019-02-26,0.509
2019-02-27,1.079
2019-02-28,1.013
2019-03-01,1.073
2019-03-02,0.594
2019-03-03,0.771
2019-03-04,1.124
2019-03-05,0.767
2019-03-06,1.589
2019-03-07,1.056
2019-03-08,1.229
2019-03-09,0.993
2019-03-10,1.398
2019-03-11,1.975
2019-03-12,1.738
2019-03-13,2.138
2019-03-14,2.248
2019-03-15,1.782
2019-03-16,1.72
2019-03-17,1.573
2019-03-18,1.834
2019-03-19,1.742
2019-03-20,1.402
2019-03-21,1.671
2019-03-22,1.005
2019-03-23,1.338
2019-03-24,1.744
2019-03-25,0.983
2019-03-26,1.528
2019-03-27,1.683
2019-03-28,1.57
2019-03-29,2.144
2019-03-30,2.943
2019-03-31,2.768
2019-04-01,1.544
2019-04-02,2.011
2019-04-03,1.96
2019-04-04,2.29
2019-04-05,2.163
2019-04-06,1.955
2019-04-07,2.532
2019-04-08,2.001
2019-04-09,3.482
2019-04-10,4.069
2019-04-11,3.025
2019-04-12,4.273
2019-04-13,3.55
2019-04-14,3.152
2019-04-15,2.084
2019-04-16,2.931
2019-04-17,3.45
2019-04-18,3.577
2019-04-19,3.844
2019-04-20,2.949
2019-04-21,3.711
2019-04-22,4.825
2019-04-23,4.495
2019-04-24,3.405
2019-04-25,3.561
2019-04-26,3.21
2019-04-27,3.551
2019-04-28,3.35
2019-04-29,3.484
2019-04-30,3.091
2019-05-01,4.26
2019-05-02,4.255
2019-05-03,4.402
2019-05-04,4.671
2019-05-05,4.302
2019-05-06,3.649
2019-05-07,3.534
2019-05-08,3.628
2019-05-09,3.91
2019-05-10,5.14
2019-05-11,3.449
2019-05-12,3.817
2019-05-13,4.064
2019-05-14,2.943
2019-05-15,1.923
2019-05-16,2.554
2019-05-17,2.588
2019-05-18,1.932
2019-05-19,2.237
2019-05-20,3.116
2019-05-21,2.51
2019-05-22,3.848
2019-05-23,4.484
2019-05-24,4.093
2019-05-25,3.766
2019-05-26,2.667
2019-05-27,2.39
2019-05-28,4.525
2019-05-29,4.735
2019-05-30,4.549
2019-05-31,4.843
2019-06-01,5.238
2019-06-02,4.97
2019-06-03,5.107
2019-06-04,5.245
2019-06-05,5.55
2019-06-06,5.604
2019-06-07,5.575
2019-06-08,7.83
2019-06-09,6.896
2019-06-10,5.488
2019-06-11,5.54
2019-06-12,5.111
2019-06-13,5.481
2019-06-14,5.136
2019-06-15,4.715
2019-06-16,4.846
2019-06-17,5.053
2019-06-18,7.268
2019-06-19,5.844
2019-06-20,5.047
2019-06-21,6.634
2019-06-22,6.763
2019-06-23,5.2
2019-06-24,4.546
2019-06-25,5.118
2019-06-26,5.04
2019-06-27,3.998
2019-06-28,4.41
2019-06-29,4.102
2019-06-30,4.272
2019-07-01,4.324
2019-07-02,4.357
2019-07-03,4.184
2019-07-04,4.423
2019-07-05,4.386
2019-07-06,4.629
2019-07-07,4.283
2019-07-08,4.217
2019-07-09,4.432
2019-07-10,4.507
2019-07-11,4.442
2019-07-12,4.799
2019-07-13,4.945
2019-07-14,5.092
2019-07-15,4.648
2019-07-16,4.838
2019-07-17,4.398
2019-07-18,4.865
2019-07-19,4.636
2019-07-20,4.478
2019-07-21,4.321
2019-07-22,4.916
2019-07-23,5.128
2019-07-24,3.816
2019-07-25,3.723
2019-07-26,3.947
2019-07-27,3.241
2019-07-28,3.173
2019-07-29,3.354
2019-07-30,2.853
2019-07-31,3.024
2019-08-01,2.769
2019-08-02,2.589
2019-08-03,2.793
2019-08-04,3.095
2019-08-05,2.849
2019-08-06,2.826
2019-08-07,3.338
2019-08-08,3.068
2019-08-09,2.666
2019-08-10,2.463
2019-08-11,2.534
2019-08-12,2.382
2019-08-13,2.234
2019-08-14,2.419
2019-08-15,2.908
2019-08-16,3.192
2019-08-17,2.498
2019-08-18,2.77
2019-08-19,2.593
2019-08-20,2.683
2019-08-21,2.526
2019-08-22,3.427
2019-08-23,3.113
2019-08-24,3.343
2019-08-25,2.947
2019-08-26,3.377
2019-08-27,3.392
2019-08-28,3.557
2019-08-29,3.073
2019-08-30,2.697
2019-08-31,2.619
2019-09-01,3.492
2019-09-02,3.312
2019-09-03,3.387
2019-09-04,2.914
2019-09-05,3.539
2019-09-06,3.271
2019-09-07,2.754
2019-09-08,2.571
2019-09-09,2.693
2019-09-10,2.567
2019-09-11,3.137
2019-09-12,3.01
2019-09-13,3.008
2019-09-14,3.959
2019-09-15,4.598
2019-09-16,1.848
2019-09-17,2.618
2019-09-18,1.896
2019-09-19,2.133
2019-09-20,2.711
2019-09-21,2.929
2019-09-22,1.803
2019-09-23,2.567
2019-09-24,3.205
2019-09-25,3.444
2019-09-26,2.501
2019-09-27,1.55
2019-09-28,1.439
2019-09-29,1.739
2019-09-30,1.375
2019-10-01,2.32
2019-10-02,2.247
2019-10-03,1.961
2019-10-04,2.145
2019-10-05,2.672
2019-10-06,2.523
2019-10-07,1.614
2019-10-08,1.646
2019-10-09,2.489
2019-10-10,2.926
2019-10-11,1.575
2019-10-12,1.141
2019-10-13,1.059
2019-10-14,1.242
2019-10-15,1.389
2019-10-16,1.742
2019-10-17,1.498
2019-10-18,1.338
2019-10-19,1.097
2019-10-20,1.734
2019-10-21,2.586
2019-10-22,2.472
2019-10-23,3.351
2019-10-24,2.986
2019-10-25,1.474
2019-10-26,1.78
2019-10-27,2.71
2019-10-28,1.5
2019-10-29,1.997
2019-10-30,1.946
2019-10-31,1.551
2019-11-01,1.023
2019-11-02,0.783
2019-11-03,0.958
2019-11-04,1.292
2019-11-05,1.253
2019-11-06,0.777
2019-11-07,0.611
2019-11-08,0.682
2019-11-09,0.571
2019-11-10,0.848
2019-11-11,1.143
2019-11-12,0.668
2019-11-13,0.566
2019-11-14,0.796
2019-11-15,0.52
2019-11-16,0.761
2019-11-17,0.505
2019-11-18,0.57
2019-11-19,0.711
2019-11-20,1.265
2019-11-21,0.608
2019-11-22,0.533
2019-11-23,0.647
2019-11-24,0.433
2019-11-25,0.96
2019-11-26,0.635
2019-11-27,0.399
2019-11-28,0.26
2019-11-29,0.305
2019-11-30,0.274
2019-12-01,0.123
2019-12-02,0.168
2019-12-03,0.301
2019-12-04,0.22
2019-12-05,0.36
2019-12-06,0.552
2019-12-07,0.705
2019-12-08,0.336
2019-12-09,0.343
2019-12-10,0.25
2019-12-11,0.204
2019-12-12,0.364
2019-12-13,0.265
2019-12-14,0.27
2019-12-15,0.44
2019-12-16,0.504
2019-12-17,0.456
2019-12-18,0.348
2019-12-19,0.295
2019-12-20,0.42
2019-12-21,0.366
2019-12-22,0.186
2019-12-23,0.441
2019-12-24,0.384
2019-12-25,0.325
2019-12-26,1.187
2019-12-27,1.272
2019-12-28,0.883
2019-12-29,0.551
2019-12-30,0.909
2019-12-31,0.426
2020-01-01,0.611
2020-01-02,1.102
2020-01-03,0.977
2020-01-04,0.708
2020-01-05,0.574
2020-01-06,0.799
2020-01-07,0.572
2020-01-08,0.492
2020-01-09,0.553
2020-01-10,0.748
2020-01-11,0.669
2020-01-12,0.657
2020-01-13,0.839
2020-01-14,0.824
2020-01-15,0.56
2020-01-16,0.611
2020-01-17,0.42
2020-01-18,0.647
2020-01-19,0.519
2020-01-20,0.565
2020-01-21,0.83
2020-01-22,0.596
2020-01-23,0.424
2020-01-24,0.415
2020-01-25,0.456
2020-01-26,0.843
2020-01-27,0.678
2020-01-28,0.614
2020-01-29,0.968
2020-01-30,0.989
2020-01-31,0.714
2020-02-01,0.684
2020-02-02,0.96
2020-02-03,1.575
2020-02-04,1.914
2020-02-05,1.242
2020-02-06,1.224
2020-02-07,1.2
2020-02-08,1.735
2020-02-09,3.261
2020-02-10,3.66
2020-02-11,3.373
2020-02-12,2.158
2020-02-13,1.395
2020-02-14,1.324
2020-02-15,1.018
2020-02-16,1.417
2020-02-17,3.007
2020-02-18,1.83
2020-02-19,1.839
2020-02-20,1.527
2020-02-21,2.505
2020-02-22,2.193
2020-02-23,1.551
2020-02-24,3.347
2020-02-25,3.406
2020-02-26,1.475
2020-02-27,1.462
2020-02-28,1.566
2020-02-29,1.471
2020-03-01,1.871
2020-03-02,2.855
2020-03-03,2.684
2020-03-04,1.684
2020-03-05,1.78
2020-03-06,1.556
2020-03-07,1.045
2020-03-08,1.014
2020-03-09,1.326
2020-03-10,2.476
2020-03-11,1.921
2020-03-12,3.36
2020-03-13,2.672
2020-03-14,1.517
2020-03-15,1.286
2020-03-16,0.915
2020-03-17,1.262
2020-03-18,0.877
2020-03-19,1.851
2020-03-20,2.297
2020-03-21,2.403
2020-03-22,2.152
2020-03-23,2.694
2020-03-24,1.625
2020-03-25,1.948
2020-03-26,2.128
2020-03-27,2.417
2020-03-28,1.727
2020-03-29,1.94
2020-03-30,2.077
2020-03-31,2.58
2020-04-01,2.923
2020-04-02,3.799
2020-04-03,3.035
2020-04-04,1.909
2020-04-05,1.889
2020-04-06,2.107
2020-04-07,3.002
2020-04-08,3.686
2020-04-09,2.906
2020-04-10,3.435
2020-04-11,3.617
2020-04-12,4.123
2020-04-13,4.706
2020-04-14,5.631
2020-04-15,4.413
2020-04-16,4.183
2020-04-17,3.785
2020-04-18,3.905
2020-04-19,4.021
2020-04-20,3.208
2020-04-21,3.828
2020-04-22,4.029
2020-04-23,5.268
2020-04-24,6.004
2020-04-25,4.822
2020-04-26,5.652
2020-04-27,4.626
2020-04-28,5.53
2020-04-29,4.78
2020-04-30,5.041
2020-05-01,4.675
2020-05-02,4.078
2020-05-03,2.723
2020-05-04,3.321
2020-05-05,4.336
2020-05-06,5.023
2020-05-07,5.433
2020-05-08,4.28
2020-05-09,4.367
2020-05-10,4.07
2020-05-11,2.771
2020-05-12,2.619
2020-05-13,2.408
2020-05-14,2.017
2020-05-15,3.448
2020-05-16,3.113
2020-05-17,2.37
2020-05-18,2.462
2020-05-19,2.784
2020-05-20,3.098
2020-05-21,3.462
2020-05-22,3.886
2020-05-23,4.638
2020-05-24,3.881
2020-05-25,3.63
2020-05-26,3.874
2020-05-27,3.897
2020-05-28,4.08
2020-05-29,3.567
2020-05-30,2.904
2020-05-31,2.932
2020-06-01,2.974
2020-06-02,3.559
2020-06-03,3.377
2020-06-04,3.348
2020-06-05,3.864
2020-06-06,3.339
2020-06-07,3.071
2020-06-08,3.87
2020-06-09,3.805
2020-06-10,3.516
2020-06-11,4.649
2020-06-12,3.905
2020-06-13,2.661
2020-06-14,3.368
2020-06-15,3.563
2020-06-16,3.809
2020-06-17,5.646
2020-06-18,5.241
2020-06-19,3.841
2020-06-20,4.124
2020-06-21,3.692
2020-06-22,3.592
2020-06-23,4.12
2020-06-24,3.497
2020-06-25,3.544
2020-06-26,3.487
2020-06-27,3.704
2020-06-28,3.139
2020-06-29,4.034
2020-06-30,2.85
2020-07-01,2.709
2020-07-02,2.809
2020-07-03,2.91
2020-07-04,2.678
2020-07-05,3.2
2020-07-06,3.093
2020-07-07,2.814
2020-07-08,3.303
2020-07-09,3.129
2020-07-10,3.001
2020-07-11,3.08
2020-07-12,2.872
2020-07-13,2.709
2020-07-14,2.864
2020-07-15,2.704
2020-07-16,2.813
2020-07-17,2.933
2020-07-18,2.975
2020-07-19,2.932
2020-07-20,2.84
2020-07-21,3.131
2020-07-22,3.433
2020-07-23,3.197
2020-07-24,3.508
2020-07-25,3.113
2020-07-26,3.0
2020-07-27,3.346
2020-07-28,2.973
2020-07-29,3.236
2020-07-30,3.208
2020-07-31,2.993
2020-08-01,2.281
2020-08-02,2.645
2020-08-03,2.578
2020-08-04,2.714
2020-08-05,2.478
2020-08-06,2.334
2020-08-07,2.374
2020-08-08,2.454
2020-08-09,2.663
2020-08-10,2.82
2020-08-11,3.156
2020-08-12,3.188
2020-08-13,3.577
2020-08-14,2.483
2020-08-15,3.055
2020-08-16,3.13
2020-08-17,3.16
2020-08-18,3.489
2020-08-19,3.99
2020-08-20,3.508
2020-08-21,3.956
2020-08-22,4.115
2020-08-23,5.267
2020-08-24,5.113
2020-08-25,4.478
2020-08-26,4.423
2020-08-27,3.636
2020-08-28,3.096
2020-08-29,3.222
2020-08-30,2.563
2020-08-31,2.475
2020-09-01,2.487
2020-09-02,1.831
2020-09-03,1.801
2020-09-04,2.064
2020-09-05,1.869
2020-09-06,2.242
2020-09-07,2.662
2020-09-08,3.446
2020-09-09,2.325
2020-09-10,1.673
2020-09-11,1.737
2020-09-12,1.69
2020-09-13,2.137
2020-09-14,2.326
2020-09-15,2.165
2020-09-16,2.318
2020-09-17,2.515
2020-09-18,2.017
2020-09-19,1.768
2020-09-20,2.176
2020-09-21,2.255
2020-09-22,2.211
2020-09-23,2.249
2020-09-24,1.715
2020-09-25,1.55
2020-09-26,2.403
2020-09-27,4.119
2020-09-28,2.983
2020-09-29,1.925
2020-09-30,1.473
2020-10-01,1.645
2020-10-02,1.612
2020-10-03,1.65
2020-10-04,1.684
2020-10-05,1.385
2020-10-06,1.151
2020-10-07,1.334
2020-10-08,1.45
2020-10-09,1.318
2020-10-10,1.255
2020-10-11,1.517
2020-10-12,1.709
2020-10-13,1.327
2020-10-14,2.511
2020-10-15,3.076
2020-10-16,2.601
2020-10-17,1.195
2020-10-18,1.025
2020-10-19,1.103
2020-10-20,1.167
2020-10-21,0.825
2020-10-22,1.598
2020-10-23,1.149
2020-10-24,0.781
2020-10-25,1.45
2020-10-26,2.898
2020-10-27,2.435
2020-10-28,0.923
2020-10-29,0.858
2020-10-30,0.707
2020-10-31,0.95
2020-11-01,0.872
2020-11-02,0.936
2020-11-03,1.204
2020-11-04,0.648
2020-11-05,0.829
2020-11-06,0.867
2020-11-07,0.511
2020-11-08,0.941
2020-11-09,0.704
2020-11-10,0.586
2020-11-11,0.584
2020-11-12,0.544
2020-11-13,0.504
2020-11-14,0.31
2020-11-15,0.541
2020-11-16,0.501
2020-11-17,0.654
2020-11-18,0.499
2020-11-19,0.536
2020-11-20,0.955
2020-11-21,0.991
2020-11-22,0.53
2020-11-23,0.694
2020-11-24,0.874
2020-11-25,0.729
2020-11-26,1.64
2020-11-27,0.916
2020-11-28,0.678
2020-11-29,0.532
2020-11-30,0.594
2020-12-01,1.051
2020-12-02,0.448
2020-12-03,0.277
2020-12-04,0.447
2020-12-05,0.35
2020-12-06,0.504
2020-12-07,0.751
2020-12-08,0.302
2020-12-09,0.28
2020-12-10,0.367
2020-12-11,0.268
2020-12-12,0.18
2020-12-13,0.136
2020-12-14,0.199
2020-12-15,0.179
2020-12-16,0.188
2020-12-17,0.294
2020-12-18,0.443
2020-12-19,0.284
2020-12-20,0.221
2020-12-21,0.191
2020-12-22,0.594
2020-12-23,0.861
2020-12-24,0.424
2020-12-25,0.613
2020-12-26,0.542
2020-12-27,0.372
2020-12-28,0.431
2020-12-29,0.888
2020-12-30,0.659
2020-12-31,0.573
2021-01-01,0.644
2021-01-02,0.299
2021-01-03,0.452
2021-01-04,0.607
2021-01-05,0.509
2021-01-06,0.307
2021-01-07,0.361
2021-01-08,0.311
2021-01-09,0.679
2021-01-10,0.42
2021-01-11,0.476
2021-01-12,0.585
2021-01-13,0.696
2021-01-14,0.755
2021-01-15,0.542
2021-01-16,1.255
2021-01-17,1.801
2021-01-18,2.731
2021-01-19,2.623
2021-01-20,1.148
2021-01-21,0.766
2021-01-22,0.492
2021-01-23,0.712
2021-01-24,0.438
2021-01-25,0.712
2021-01-26,0.767
2021-01-27,0.768
2021-01-28,0.658
2021-01-29,0.604
2021-01-30,0.714
2021-01-31,0.934
2021-02-01,1.498
2021-02-02,0.812
2021-02-03,0.812
2021-02-04,1.937
2021-02-05,1.563
2021-02-06,1.689
2021-02-07,1.314
2021-02-08,0.751
2021-02-09,0.94
2021-02-10,0.94
2021-02-11,0.752
2021-02-12,0.941
2021-02-13,1.318
2021-02-14,0.879
2021-02-15,0.691
2021-02-16,1.257
2021-02-17,2.012
2021-02-18,1.13
2021-02-19,0.753
2021-02-20,1.253
2021-02-21,2.315
2021-02-22,2.0
2021-02-23,3.059
2021-02-24,1.808
2021-02-25,2.055
2021-02-26,1.712
2021-02-27,2.903
2021-02-28,2.823
2021-03-01,2.08
2021-03-02,1.666
2021-03-03,2.15
2021-03-04,2.119
2021-03-05,2.22
2021-03-06,1.504
2021-03-07,1.598
2021-03-08,1.835
2021-03-09,1.505
2021-03-10,1.018
2021-03-11,1.846
2021-03-12,3.147
2021-03-13,2.281
2021-03-14,1.192
2021-03-15,1.314
2021-03-16,1.93
2021-03-17,1.469
2021-03-18,0.958
2021-03-19,1.606
2021-03-20,1.636
2021-03-21,2.684
2021-03-22,1.641
2021-03-23,3.637
2021-03-24,3.039
2021-03-25,2.549
2021-03-26,3.771
2021-03-27,2.895
2021-03-28,2.811
2021-03-29,3.729
2021-03-30,5.371
2021-03-31,4.656
2021-04-01,3.588
2021-04-02,4.662
2021-04-03,3.96
2021-04-04,3.409
2021-04-05,3.549
2021-04-06,3.962
2021-04-07,3.796
2021-04-08,3.374
2021-04-09,4.068
2021-04-10,3.983
2021-04-11,5.035
2021-04-12,4.925
2021-04-13,3.806
2021-04-14,3.871
2021-04-15,3.454
2021-04-16,4.086
2021-04-17,5.217
2021-04-18,4.796
2021-04-19,3.736
2021-04-20,3.765
2021-04-21,3.301
2021-04-22,3.61
2021-04-23,3.269
2021-04-24,2.405
2021-04-25,2.03
2021-04-26,2.375
2021-04-27,3.835
2021-04-28,3.94
2021-04-29,3.494
2021-04-30,3.654
2021-05-01,3.252
2021-05-02,4.383
2021-05-03,4.87
2021-05-04,3.918
2021-05-05,3.567
2021-05-06,3.577
2021-05-07,3.05
2021-05-08,4.572
2021-05-09,4.208
2021-05-10,4.362
2021-05-11,3.519
2021-05-12,3.291
2021-05-13,3.54
2021-05-14,3.263
2021-05-15,2.695
2021-05-16,2.896
2021-05-17,3.021
2021-05-18,3.395
2021-05-19,3.328
2021-05-20,3.459
2021-05-21,3.491
2021-05-22,2.655
2021-05-23,3.092
2021-05-24,3.016
2021-05-25,3.13
2021-05-26,3.696
2021-05-27,3.396
2021-05-28,3.004
2021-05-29,3.157
2021-05-30,3.687
2021-05-31,4.2
2021-06-01,3.398
2021-06-02,3.794
2021-06-03,3.637
2021-06-04,3.336
2021-06-05,3.219
2021-06-06,3.482
2021-06-07,3.7
2021-06-08,3.485
2021-06-09,3.072
2021-06-10,2.815
2021-06-11,2.434
2021-06-12,2.767
2021-06-13,3.435
2021-06-14,2.807
2021-06-15,2.676
2021-06-16,3.048
2021-06-17,3.809
2021-06-18,2.971
2021-06-19,2.608
2021-06-20,3.656
2021-06-21,3.432
2021-06-22,3.183
2021-06-23,3.12
2021-06-24,2.96
2021-06-25,3.097
2021-06-26,3.298
2021-06-27,3.54
2021-06-28,3.823
2021-06-29,3.621
2021-06-30,3.854
2021-07-01,3.472
2021-07-02,3.156
2021-07-03,3.545
2021-07-04,3.364
2021-07-05,3.556
2021-07-06,3.414
2021-07-07,3.099
2021-07-08,3.164
2021-07-09,3.316
2021-07-10,3.34
2021-07-11,4.106
2021-07-12,3.492
2021-07-13,3.444
2021-07-14,3.354
2021-07-15,3.224
2021-07-16,3.02
2021-07-17,3.045
2021-07-18,3.244
2021-07-19,3.006
2021-07-20,3.236
2021-07-21,3.111
2021-07-22,3.163
2021-07-23,2.879
2021-07-24,3.04
2021-07-25,3.398
2021-07-26,2.902
2021-07-27,1.952
2021-07-28,3.073
2021-07-29,3.202
2021-07-30,3.624
2021-07-31,3.761
2021-08-01,3.365
2021-08-02,3.121
2021-08-03,3.418
2021-08-04,3.765
2021-08-05,3.414
2021-08-06,2.964
2021-08-07,3.542
2021-08-08,4.209
2021-08-09,4.063
2021-08-10,4.003
2021-08-11,4.272
2021-08-12,3.951
2021-08-13,4.803
2021-08-14,3.723
2021-08-15,3.751
2021-08-16,4.047
2021-08-17,3.524
2021-08-18,4.377
2021-08-19,3.709
2021-08-20,3.219
2021-08-21,2.99
2021-08-22,2.863
2021-08-23,3.058
2021-08-24,3.104
2021-08-25,2.669
2021-08-26,2.213
2021-08-27,3.197
2021-08-28,3.016
2021-08-29,2.69
2021-08-30,2.832
2021-08-31,2.858
2021-09-01,2.504
2021-09-02,2.215
2021-09-03,2.007
2021-09-04,1.959
2021-09-05,1.91
2021-09-06,2.342
2021-09-07,2.466
2021-09-08,2.427
2021-09-09,2.01
2021-09-10,2.129
2021-09-11,2.122
2021-09-12,2.334
2021-09-13,2.327
2021-09-14,3.009
2021-09-15,2.839
2021-09-16,2.487
2021-09-17,2.496
2021-09-18,1.776
2021-09-19,1.691
2021-09-20,3.898
2021-09-21,2.255
2021-09-22,2.375
2021-09-23,3.009
2021-09-24,2.586
2021-09-25,2.266
2021-09-26,2.119
2021-09-27,1.551
2021-09-28,1.728
2021-09-29,2.182
2021-09-30,2.099
2021-10-01,1.584
2021-10-02,1.268
2021-10-03,1.359
2021-10-04,1.49
2021-10-05,2.474
2021-10-06,1.565
2021-10-07,1.543
2021-10-08,1.761
2021-10-09,1.457
2021-10-10,1.515
2021-10-11,2.691
2021-10-12,2.386
2021-10-13,0.889
2021-10-14,2.138
2021-10-15,1.34
2021-10-16,1.355
2021-10-17,2.119
2021-10-18,0.833
2021-10-19,1.274
2021-10-20,0.635
2021-10-21,1.151
2021-10-22,1.192
2021-10-23,0.587
2021-10-24,0.243
2021-10-25,1.314
2021-10-26,0.838
2021-10-27,1.329
2021-10-28,0.615
2021-10-29,0.703
2021-10-30,0.433
2021-10-31,0.89
2021-11-01,0.758
2021-11-02,0.75
2021-11-03,1.187
2021-11-04,1.027
2021-11-05,0.87
2021-11-06,0.574
2021-11-07,0.922
2021-11-08,1.051
2021-11-09,0.828
2021-11-10,0.68
2021-11-11,1.004
2021-11-12,0.593
2021-11-13,0.649
2021-11-14,0.511
2021-11-15,0.502
2021-11-16,0.679
2021-11-17,0.789
2021-11-18,0.477
2021-11-19,0.528
2021-11-20,1.21
2021-11-21,1.188
2021-11-22,0.555
2021-11-23,0.872
2021-11-24,1.55
2021-11-25,0.59
2021-11-26,0.71
2021-11-27,0.561
2021-11-28,0.605
2021-11-29,0.974
2021-11-30,1.474
2021-12-01,1.038
2021-12-02,0.7
2021-12-03,0.684
2021-12-04,0.573
2021-12-05,0.839
2021-12-06,0.637
2021-12-07,0.621
2021-12-08,0.432
2021-12-09,0.505
2021-12-10,0.983
2021-12-11,0.903
2021-12-12,0.658
2021-12-13,0.165
2021-12-14,0.578
2021-12-15,0.744
2021-12-16,0.662
2021-12-17,0.664
2021-12-18,0.332
2021-12-19,0.416
2021-12-20,0.334
2021-12-21,0.334
2021-12-22,0.753
2021-12-23,1.174
2021-12-24,1.176
2021-12-25,0.505
2021-12-26,0.843
2021-12-27,1.097
2021-12-28,0.423
2021-12-29,0.169
2021-12-30,0.509
2021-12-31,0.595
2022-01-01,0.965
2022-01-02,0.645
2022-01-03,1.291
2022-01-04,0.889
2022-01-05,0.567
2022-01-06,0.487
2022-01-07,0.813
2022-01-08,0.977
2022-01-09,0.815
2022-01-10,1.062
2022-01-11,0.736
2022-01-12,0.574
2022-01-13,0.657
2022-01-14,2.303
2022-01-15,0.988
2022-01-16,0.743
2022-01-17,0.661
2022-01-18,0.828
2022-01-19,1.161
2022-01-20,0.89
2022-01-21,2.367
2022-01-22,3.229
2022-01-23,1.198
2022-01-24,0.801
2022-01-25,1.984
2022-01-26,1.239
2022-01-27,1.136
2022-01-28,0.963
2022-01-29,0.849
2022-01-30,0.873
2022-01-31,1.494
2022-02-01,3.134
2022-02-02,2.857
2022-02-03,2.105
2022-02-04,1.5
2022-02-05,1.833
2022-02-06,1.611
2022-02-07,1.923
2022-02-08,3.07
2022-02-09,3.908
2022-02-10,2.593
2022-02-11,1.657
2022-02-12,1.536
2022-02-13,1.306
2022-02-14,1.536
2022-02-15,2.612
2022-02-16,3.304
2022-02-17,2.613
2022-02-18,1.537
2022-02-19,1.307
2022-02-20,1.307
2022-02-21,1.692
2022-02-22,1.23
2022-02-23,1.923
2022-02-24,1.308
2022-02-25,2.0
2022-02-26,1.462
2022-02-27,0.0
2022-02-28,1.693
2022-03-01,1.667
2022-03-02,1.789
2022-03-03,0.82
2022-03-04,1.377
2022-03-05,0.964
2022-03-06,1.712
2022-03-07,2.415
2022-03-08,2.12
2022-03-09,1.835
2022-03-10,2.276
2022-03-11,1.773
2022-03-12,2.022
2022-03-13,1.538
2022-03-14,1.356
2022-03-15,1.219
2022-03-16,1.811
2022-03-17,1.444
2022-03-18,1.887
2022-03-19,1.504
2022-03-20,2.576
2022-03-21,3.564
2022-03-22,4.013
2022-03-23,2.466
2022-03-24,2.577
2022-03-25,2.67
2022-03-26,2.494
2022-03-27,2.518
2022-03-28,1.512
2022-03-29,2.359
2022-03-30,1.891
2022-03-31,3.041
2022-04-01,3.651
2022-04-02,3.948
2022-04-03,3.809
2022-04-04,2.702
2022-04-05,3.13
2022-04-06,4.877
2022-04-07,3.016
2022-04-08,2.894
2022-04-09,4.289
2022-04-10,4.233
2022-04-11,2.151
2022-04-12,2.451
2022-04-13,2.019
2022-04-14,1.572
2022-04-15,2.36
2022-04-16,2.749
2022-04-17,3.291
2022-04-18,2.752
2022-04-19,2.713
2022-04-20,2.3
2022-04-21,2.703
2022-04-22,2.811
2022-04-23,4.457
2022-04-24,4.276
2022-04-25,4.167
2022-04-26,3.817
2022-04-27,3.696
2022-04-28,3.365
2022-04-29,3.621
2022-04-30,2.689
2022-05-01,3.323
2022-05-02,2.794
2022-05-03,3.77
2022-05-04,3.227
2022-05-05,2.243
2022-05-06,1.914
2022-05-07,2.861
2022-05-08,2.688
2022-05-09,2.49
2022-05-10,2.332
2022-05-11,3.365
2022-05-12,2.594
2022-05-13,3.307
2022-05-14,4.076
2022-05-15,3.966
2022-05-16,3.137
2022-05-17,3.417
2022-05-18,4.661
2022-05-19,4.147
2022-05-20,4.732
2022-05-21,3.591
2022-05-22,3.347
2022-05-23,4.175
2022-05-24,4.272
2022-05-25,3.465
2022-05-26,3.148
2022-05-27,2.428
2022-05-28,1.716
2022-05-29,2.757
2022-05-30,3.381
2022-05-31,3.435
2022-06-01,2.466
2022-06-02,2.175
2022-06-03,2.621
2022-06-04,1.415
2022-06-05,1.442
2022-06-06,2.184
2022-06-07,2.652
2022-06-08,2.149
2022-06-09,3.051
2022-06-10,3.062
2022-06-11,2.748
2022-06-12,2.008
2022-06-13,2.631
2022-06-14,3.174
2022-06-15,3.007
2022-06-16,2.773
2022-06-17,2.199
2022-06-18,1.874
2022-06-19,2.533
2022-06-20,2.778
2022-06-21,3.596
2022-06-22,2.816
2022-06-23,2.307
2022-06-24,2.197
2022-06-25,2.153
2022-06-26,2.563
2022-06-27,2.808
2022-06-28,2.825
2022-06-29,2.676
2022-06-30,2.389
2022-07-01,2.526
2022-07-02,2.433
2022-07-03,1.862
2022-07-04,1.959
2022-07-05,1.815
2022-07-06,2.267
2022-07-07,2.337
2022-07-08,2.472
2022-07-09,2.365
2022-07-10,2.427
2022-07-11,2.453
2022-07-12,2.959
2022-07-13,2.403
2022-07-14,2.486
2022-07-15,2.454
2022-07-16,2.546
2022-07-17,2.917
2022-07-18,2.791
2022-07-19,2.697
2022-07-20,2.727
2022-07-21,2.601
2022-07-22,2.631
2022-07-23,2.299
2022-07-24,2.914
2022-07-25,2.67
2022-07-26,2.118
2022-07-27,2.59
2022-07-28,2.597
2022-07-29,2.499
2022-07-30,1.833
2022-07-31,2.049
2022-08-01,1.158
2022-08-02,2.038
2022-08-03,2.732
2022-08-04,3.302
2022-08-05,2.531
2022-08-06,2.538
2022-08-07,2.582
2022-08-08,2.811
2022-08-09,2.841
2022-08-10,2.609
2022-08-11,2.602
2022-08-12,2.522
2022-08-13,2.019
2022-08-14,2.053
2022-08-15,2.085
2022-08-16,1.899
2022-08-17,2.563
2022-08-18,2.526
2022-08-19,2.242
2022-08-20,2.059
2022-08-21,2.463
2022-08-22,1.658
2022-08-23,1.716
2022-08-24,2.183
2022-08-25,2.13
2022-08-26,2.018
2022-08-27,1.93
2022-08-28,1.869
2022-08-29,1.894
2022-08-30,1.799
2022-08-31,2.005
2022-09-01,1.854
2022-09-02,2.491
2022-09-03,1.971
2022-09-04,1.468
2022-09-05,2.422
2022-09-06,2.181
2022-09-07,2.169
2022-09-08,1.992
2022-09-09,1.778
2022-09-10,2.303
2022-09-11,1.751
2022-09-12,1.614
2022-09-13,2.186
2022-09-14,1.863
2022-09-15,1.837
2022-09-16,1.89
2022-09-17,2.259
2022-09-18,1.107
2022-09-19,1.014
2022-09-20,1.291
2022-09-21,1.43
2022-09-22,1.845
2022-09-23,2.26
2022-09-24,2.445
2022-09-25,1.927
2022-09-26,2.009
2022-09-27,2.405
2022-09-28,2.445
2022-09-29,2.312
2022-09-30,3.038
2022-10-01,2.509
2022-10-02,2.285
2022-10-03,2.043
2022-10-04,2.235
2022-10-05,2.117
2022-10-06,2.185
2022-10-07,2.191
2022-10-08,2.071
2022-10-09,2.391
2022-10-10,2.082
2022-10-11,1.843
2022-10-12,1.973
2022-10-13,1.628
2022-10-14,1.865
2022-10-15,1.865
2022-10-16,1.49
2022-10-17,1.186
2022-10-18,1.448
2022-10-19,1.658
2022-10-20,1.095
2022-10-21,1.532
2022-10-22,1.584
2022-10-23,1.984
2022-10-24,1.545
2022-10-25,0.918
2022-10-26,1.339
2022-10-27,1.354
2022-10-28,0.748
2022-10-29,1.397
2022-10-30,1.589
2022-10-31,1.234
2022-11-01,0.856
2022-11-02,0.836
2022-11-03,1.486
2022-11-04,1.067
2022-11-05,0.658
2022-11-06,0.973
2022-11-07,0.896
2022-11-08,0.252
2022-11-09,0.498
2022-11-10,0.797
2022-11-11,0.604
2022-11-12,0.476
2022-11-13,1.291
2022-11-14,0.693
2022-11-15,1.707
2022-11-16,1.232
2022-11-17,0.717
2022-11-18,1.627
2022-11-19,1.387
2022-11-20,0.827
2022-11-21,0.683
2022-11-22,0.587
2022-11-23,1.452
2022-11-24,1.121
2022-11-25,0.576
2022-11-26,1.185
2022-11-27,0.541
2022-11-28,0.623
2022-11-29,0.913
2022-11-30,0.776
2022-12-01,0.143
2022-12-02,0.211
2022-12-03,0.11
2022-12-04,0.282
2022-12-05,0.233
2022-12-06,0.28
2022-12-07,0.255
2022-12-08,0.292
2022-12-09,0.329
2022-12-10,0.313
2022-12-11,0.46
2022-12-12,0.376
2022-12-13,0.476
2022-12-14,0.401
2022-12-15,0.657
2022-12-16,0.581
2022-12-17,0.507
2022-12-18,0.373
2022-12-19,0.244
2022-12-20,0.359
2022-12-21,0.411
2022-12-22,0.295
2022-12-23,0.296
2022-12-24,0.357
2022-12-25,0.239
2022-12-26,0.42
2022-12-27,0.181
2022-12-28,0.303
2022-12-29,0.365
2022-12-30,0.855
2022-12-31,0.307
2023-01-01,0.349
2023-01-02,0.409
2023-01-03,0.352
2023-01-04,0.885
2023-01-05,0.474
2023-01-06,0.357
2023-01-07,0.597
2023-01-08,0.36
2023-01-09,0.181
2023-01-10,0.968
2023-01-11,0.425
2023-01-12,0.244
2023-01-13,0.245
2023-01-14,1.045
2023-01-15,0.494
2023-01-16,0.62
2023-01-17,0.747
2023-01-18,0.687
2023-01-19,0.878
2023-01-20,1.196
2023-01-21,0.569
2023-01-22,1.206
2023-01-23,1.843
2023-01-24,1.485
2023-01-25,1.55
2023-01-26,1.384
2023-01-27,0.533
2023-01-28,0.718
2023-01-29,0.394
2023-01-30,1.323
2023-01-31,0.955
2023-02-01,0.547
2023-02-02,0.553
2023-02-03,0.67
2023-02-04,0.62
2023-02-05,0.74
2023-02-06,1.208
2023-02-07,0.813
2023-02-08,0.938
2023-02-09,0.947
2023-02-10,0.955
2023-02-11,0.964
2023-02-12,2.007
2023-02-13,1.228
2023-02-14,1.3
2023-02-15,1.562
2023-02-16,0.878
2023-02-17,1.385
2023-02-18,1.012
2023-02-19,0.0
2023-02-20,1.529
2023-02-21,1.471
2023-02-22,1.091
2023-02-23,0.967
2023-02-24,0.518
2023-02-25,0.649
2023-02-26,0.391
2023-02-27,0.72
2023-02-28,0.657
2023-03-01,1.556
2023-03-02,1.374
2023-03-03,1.254
2023-03-04,1.206
2023-03-05,1.479
2023-03-06,1.237
2023-03-07,1.252
2023-03-08,1.534
2023-03-09,1.147
2023-03-10,1.639
2023-03-11,0.829
2023-03-12,1.468
2023-03-13,1.908
2023-03-14,1.072
2023-03-15,1.952
2023-03-16,2.192
2023-03-17,2.438
2023-03-18,2.016
2023-03-19,0.981
2023-03-20,1.754
2023-03-21,1.541
2023-03-22,1.713
2023-03-23,1.888
2023-03-24,2.066
2023-03-25,2.649
2023-03-26,2.918
2023-03-27,2.374
2023-03-28,0.909
2023-03-29,1.335
2023-03-30,2.19
2023-03-31,2.466
2023-04-01,2.371
2023-04-02,2.216
2023-04-03,3.22
2023-04-04,3.249
2023-04-05,2.876
2023-04-06,2.506
2023-04-07,2.228
2023-04-08,2.84
2023-04-09,3.447
2023-04-10,3.872
2023-04-11,3.505
2023-04-12,3.403
2023-04-13,4.485
2023-04-14,3.034
2023-04-15,3.253
2023-04-16,3.606
2023-04-17,2.223
2023-04-18,2.501
2023-04-19,2.615
2023-04-20,3.309
2023-04-21,3.839
2023-04-22,4.179
2023-04-23,3.414
2023-04-24,3.755
2023-04-25,5.041
2023-04-26,4.391
2023-04-27,4.163
2023-04-28,4.455
2023-04-29,4.849
2023-04-30,4.126
2023-05-01,2.195
2023-05-02,2.237
2023-05-03,2.278
2023-05-04,2.18
2023-05-05,2.152
2023-05-06,2.124
2023-05-07,2.357
2023-05-08,2.454
2023-05-09,3.057
2023-05-10,3.203
2023-05-11,3.282
2023-05-12,3.479
2023-05-13,4.451
2023-05-14,4.385
2023-05-15,3.975
2023-05-16,3.413
2023-05-17,3.529
2023-05-18,3.527
2023-05-19,3.416
2023-05-20,3.158
2023-05-21,3.052
2023-05-22,3.038
2023-05-23,2.815
2023-05-24,2.556
2023-05-25,2.393
2023-05-26,2.275
2023-05-27,2.317
2023-05-28,1.82
2023-05-29,2.084
2023-05-30,1.937
2023-05-31,2.135
2023-06-01,2.094
2023-06-02,2.115
2023-06-03,2.244
2023-06-04,2.522
2023-06-05,2.731
2023-06-06,1.938
2023-06-07,2.069
2023-06-08,2.089
2023-06-09,2.262
2023-06-10,2.166
2023-06-11,2.421
2023-06-12,2.049
2023-06-13,2.465
2023-06-14,2.567
2023-06-15,2.792
2023-06-16,3.173
2023-06-17,2.862
2023-06-18,2.753
2023-06-19,2.437
2023-06-20,2.367
2023-06-21,2.671
2023-06-22,2.726
2023-06-23,2.529
2023-06-24,2.695
2023-06-25,2.567
2023-06-26,2.649
2023-06-27,2.772
2023-06-28,2.77
2023-06-29,2.935
2023-06-30,2.849
2023-07-01,2.811
2023-07-02,3.179
2023-07-03,3.137
2023-07-04,3.093
2023-07-05,3.047
2023-07-06,2.955
2023-07-07,2.772
2023-07-08,2.807
2023-07-09,2.841
2023-07-10,2.721
2023-07-11,2.692
2023-07-12,3.099
2023-07-13,2.72
2023-07-14,2.818
2023-07-15,3.039
2023-07-16,2.629
2023-07-17,2.846
2023-07-18,3.139
2023-07-19,3.102
2023-07-20,2.627
2023-07-21,2.674
2023-07-22,2.68
2023-07-23,2.723
2023-07-24,2.954
2023-07-25,2.356
2023-07-26,2.615
2023-07-27,2.725
2023-07-28,2.461
2023-07-29,2.794
2023-07-30,2.754
2023-07-31,2.528
2023-08-01,2.24
2023-08-02,2.202
2023-08-03,2.099
2023-08-04,2.068
2023-08-05,2.215
2023-08-06,3.257
2023-08-07,2.618
2023-08-08,2.443
2023-08-09,2.268
2023-08-10,2.272
2023-08-11,2.141
2023-08-12,2.047
2023-08-13,2.269
2023-08-14,1.899
2023-08-15,2.117
2023-08-16,2.397
2023-08-17,2.336
2023-08-18,2.111
2023-08-19,2.217
2023-08-20,1.759
2023-08-21,1.365
2023-08-22,1.403
2023-08-23,1.776
2023-08-24,2.252
2023-08-25,2.09
2023-08-26,1.894
2023-08-27,1.741
2023-08-28,1.757
2023-08-29,1.969
2023-08-30,2.89
2023-08-31,2.217
2023-09-01,1.085
2023-09-02,1.106
2023-09-03,1.159
2023-09-04,1.433
2023-09-05,1.48
2023-09-06,1.619
2023-09-07,1.601
2023-09-08,1.705
2023-09-09,1.835
2023-09-10,1.576
2023-09-11,1.499
2023-09-12,1.562
2023-09-13,1.821
2023-09-14,1.853
2023-09-15,1.914
2023-09-16,1.624
2023-09-17,1.702
2023-09-18,1.78
2023-09-19,1.681
2023-09-20,1.955
2023-09-21,2.053
2023-09-22,1.748
2023-09-23,2.071
2023-09-24,2.215
2023-09-25,2.179
2023-09-26,1.185
2023-09-27,1.74
2023-09-28,1.985
2023-09-29,1.156
2023-09-30,0.744
2023-10-01,1.405
2023-10-02,1.383
2023-10-03,1.609
2023-10-04,2.477
2023-10-05,1.957
2023-10-06,1.582
2023-10-07,1.37
2023-10-08,1.666
2023-10-09,0.997
2023-10-10,0.607
2023-10-11,1.164
2023-10-12,1.82
2023-10-13,0.955
2023-10-14,0.981
2023-10-15,1.006
2023-10-16,0.96
2023-10-17,1.23
2023-10-18,0.973
2023-10-19,0.927
2023-10-20,1.29
2023-10-21,0.973
2023-10-22,0.331
2023-10-23,0.786
2023-10-24,0.841
2023-10-25,0.256
2023-10-26,0.599
2023-10-27,0.498
2023-10-28,1.138
2023-10-29,1.639
2023-10-30,0.786
2023-10-31,0.607
2023-11-01,0.647
2023-11-02,0.847
2023-11-03,1.173
2023-11-04,1.318
2023-11-05,1.295
2023-11-06,1.381
2023-11-07,0.987
2023-11-08,1.879
2023-11-09,0.952
2023-11-10,0.818
2023-11-11,0.573
2023-11-12,1.294
2023-11-13,1.048
2023-11-14,0.487
2023-11-15,0.689
2023-11-16,0.778
2023-11-17,0.66
2023-11-18,0.199
2023-11-19,0.729
2023-11-20,1.617
2023-11-21,0.557
2023-11-22,0.499
2023-11-23,1.107
2023-11-24,1.339
2023-11-25,0.968
2023-11-26,0.82
2023-11-27,0.399
2023-11-28,0.311
2023-11-29,0.415
2023-11-30,0.33
2023-12-01,0.356
2023-12-02,0.291
2023-12-03,0.306
2023-12-04,0.32
2023-12-05,0.335
2023-12-06,0.299
2023-12-07,0.312
2023-12-08,0.594
2023-12-09,0.613
2023-12-10,0.46
2023-12-11,0.534
2023-12-12,1.221
2023-12-13,0.754
2023-12-14,0.517
2023-12-15,0.597
2023-12-16,0.613
2023-12-17,0.954
2023-12-18,0.545
2023-12-19,1.091
2023-12-20,0.682
2023-12-21,0.546
2023-12-22,0.682
2023-12-23,0.956
2023-12-24,0.546
2023-12-25,0.478
2023-12-26,0.41
2023-12-27,0.82
2023-12-28,0.547
2023-12-29,0.547
2023-12-30,0.547
2023-12-31,0.342
2024-01-01,0.582
2024-01-02,0.193
2024-01-03,0.256
2024-01-04,0.762
2024-01-05,0.757
2024-01-06,1.129
2024-01-07,0.81
2024-01-08,0.681
2024-01-09,0.554
2024-01-10,0.673
2024-01-11,0.669
2024-01-12,0.544
2024-01-13,0.66
2024-01-14,0.537
2024-01-15,0.474
2024-01-16,0.353
2024-01-17,0.643
2024-01-18,0.465
2024-01-19,0.461
2024-01-20,0.745
2024-01-21,0.683
2024-01-22,0.452
2024-01-23,0.561
2024-01-24,0.446
2024-01-25,0.664
2024-01-26,0.275
2024-01-27,0.6
2024-01-28,0.705
2024-01-29,0.7
2024-01-30,0.908
2024-01-31,0.689
2024-02-01,0.897
2024-02-02,0.831
2024-02-03,0.824
2024-02-04,0.994
2024-02-05,1.044
2024-02-06,0.691
2024-02-07,0.4
2024-02-08,0.567
2024-02-09,0.675
2024-02-10,1.451
2024-02-11,0.846
2024-02-12,0.741
2024-02-13,0.748
2024-02-14,0.756
2024-02-15,0.939
2024-02-16,0.712
2024-02-17,0.539
2024-02-18,1.088
2024-02-19,1.038
2024-02-20,0.924
2024-02-21,0.933
2024-02-22,1.005
2024-02-23,1.521
2024-02-24,1.471
2024-02-25,1.355
2024-02-26,1.107
2024-02-27,1.693
2024-02-28,1.687
2024-02-29,1.312
2024-03-01,1.354
2024-03-02,1.326
2024-03-03,1.523
2024-03-04,1.1
2024-03-05,1.62
2024-03-06,1.669
2024-03-07,2.491
2024-03-08,2.562
2024-03-09,2.179
2024-03-10,2.144
2024-03-11,1.914
2024-03-12,2.159
2024-03-13,3.721
2024-03-14,4.835
2024-03-15,4.809
2024-03-16,2.915
2024-03-17,2.946
2024-03-18,2.081
2024-03-19,2.179
2024-03-20,2.109
2024-03-21,1.744
2024-03-22,1.251
2024-03-23,1.303
2024-03-24,1.464
2024-03-25,1.245
2024-03-26,1.566
2024-03-27,1.186
2024-03-28,1.722
2024-03-29,1.075
2024-03-30,1.233
2024-03-31,1.606
2024-04-01,3.061
2024-04-02,2.346
2024-04-03,1.689
2024-04-04,0.979
2024-04-05,1.411
2024-04-06,1.571
2024-04-07,2.158
2024-04-08,2.9
2024-04-09,2.46
2024-04-10,2.343
2024-04-11,2.386
2024-04-12,2.006
2024-04-13,1.104
2024-04-14,1.203
2024-04-15,1.927
2024-04-16,2.282
2024-04-17,2.375
2024-04-18,2.621
2024-04-19,2.354
2024-04-20,2.547
2024-04-21,2.738
2024-04-22,2.877
2024-04-23,2.028
2024-04-24,2.132
2024-04-25,1.519
2024-04-26,1.672
2024-04-27,2.045
2024-04-28,2.311
2024-04-29,2.302
2024-04-30,2.376
2024-05-01,2.924
2024-05-02,2.367
2024-05-03,2.394
2024-05-04,0.692
2024-05-05,1.574
2024-05-06,1.946
2024-05-07,2.459
2024-05-08,3.526
2024-05-09,3.728
2024-05-10,3.513
2024-05-11,3.05
2024-05-12,3.006
2024-05-13,3.106
2024-05-14,3.258
2024-05-15,3.26
2024-05-16,3.002
2024-05-17,2.99
2024-05-18,2.923
2024-05-19,2.714
2024-05-20,3.174
2024-05-21,3.331
2024-05-22,2.536
2024-05-23,2.99
2024-05-24,2.112
2024-05-25,2.498
2024-05-26,2.904
2024-05-27,3.435
2024-05-28,3.722
2024-05-29,4.685
2024-05-30,6.024
2024-05-31,6.05
2024-06-01,4.936
2024-06-02,4.408
2024-06-03,3.101
2024-06-04,5.692
2024-06-05,4.385
2024-06-06,3.593
2024-06-07,3.31
2024-06-08,2.544
2024-06-09,2.334
2024-06-10,2.525
2024-06-11,2.564
2024-06-12,2.755
2024-06-13,2.678
2024-06-14,2.64
2024-06-15,2.564
2024-06-16,2.87
2024-06-17,3.176
2024-06-18,2.755
2024-06-19,2.296
2024-06-20,2.334
2024-06-21,2.449
2024-06-22,2.487
2024-06-23,3.099
2024-06-24,3.023
2024-06-25,1.53
2024-06-26,3.138
2024-06-27,2.296
2024-06-28,2.487
2024-06-29,2.487
2024-06-30,3.176
